UTM ID,Campaign ID,Campaign Name,utm_campaign,Source,utm_source,Medium,utm_medium,Creative ID,Creative Name,utm_content,Audience,utm_term,Destination URL,Final URL,Placement,Publish Date,Created By,Username,Created At,Status,Notes
UTM-260825-101706-3EB39CD7,CMP-260825-101424-53264E8F,چاوش کمپین شهریور ماه,fullfun_pro_chavosh_shahrivar_1405,CHAVOSH,chavosh,CHAVOSH,chavosh,CR-260825-101625-18413FD9,لینک داخلی لندینگ چاوش,text_cr_260825_101625_18413fd9_v1,,,https://www.robinsood.com/account/userlogin,https://www.robinsood.com/account/userlogin?utm_source=chavosh&utm_medium=chavosh&utm_campaign=fullfun_pro_chavosh_shahrivar_1405&utm_content=text_cr_260825_101625_18413fd9_v1,,2026-08-25,مسئول مارکتینگ,marketing,2026-08-25T10:17:06.437Z,active,
UTM-260825-091655-E22F4CDC,CMP-260825-091540-3723FD1E,کمپین جذب فول فاند پرو و افزایش احراز هویت و ثبت نام شهریور,w1_iran_broker_topic_shahrivar_1405,IranBroker,iranbroker,ایران بروکر,topic,CR-260825-091651-2FF9319F,تاپیک ایران بروکر,text_cr_260825_091651_2ff9319f_v1,,,https://www.robinsood.com/,https://www.robinsood.com/?utm_source=iranbroker&utm_medium=topic&utm_campaign=w1_iran_broker_topic_shahrivar_1405&utm_content=text_cr_260825_091651_2ff9319f_v1,,2026-08-25,مسئول مارکتینگ,marketing,2026-08-25T09:16:55.479Z,active,
UTM-260825-085025-354A85BE,CMP-260825-084630-4096D1CA,گزارش خبری عصر قلم,robinsood_report_shahrivar_1405,عصر قلم,report,ریپورتاژ,report,CR-260825-084809-D27D6486,لینک داخلی ریپورتاژ,text_cr_260825_084809_d27d6486_v1,,,https://www.robinsood.com/faq,https://www.robinsood.com/faq?utm_source=report&utm_medium=report&utm_campaign=robinsood_report_shahrivar_1405&utm_content=text_cr_260825_084809_d27d6486_v1,,2026-08-25,مسئول مارکتینگ,marketing,2026-08-25T08:50:25.139Z,active,
UTM-260825-084937-A80CCA60,CMP-260825-084630-4096D1CA,گزارش خبری عصر قلم,robinsood_report_shahrivar_1405,عصر قلم,report,ریپورتاژ,report,CR-260825-084809-D27D6486,لینک داخلی ریپورتاژ,text_cr_260825_084809_d27d6486_v1,,,https://www.robinsood.com/contact,https://www.robinsood.com/contact?utm_source=report&utm_medium=report&utm_campaign=robinsood_report_shahrivar_1405&utm_content=text_cr_260825_084809_d27d6486_v1,,2026-08-25,مسئول مارکتینگ,marketing,2026-08-25T08:49:37.863Z,active,
UTM-260825-084841-EAB285FA,CMP-260825-084630-4096D1CA,گزارش خبری عصر قلم,robinsood_report_shahrivar_1405,عصر قلم,report,ریپورتاژ,report,CR-260825-084809-D27D6486,لینک داخلی ریپورتاژ,text_cr_260825_084809_d27d6486_v1,,,https://www.robinsood.com/,https://www.robinsood.com/?utm_source=report&utm_medium=report&utm_campaign=robinsood_report_shahrivar_1405&utm_content=text_cr_260825_084809_d27d6486_v1,,2026-08-25,مسئول مارکتینگ,marketing,2026-08-25T08:48:41.603Z,active,
UTM-260825-042901-A14298C2,CMP-260825-040435-CA37AC31,پیام‌های متنی روزانه,other_challenges_challenges_cost_ever_1405,Telegram,telegram,robinsood_channel,robinsood_channel,CR-260825-040046-DDF1BDDC,پیام متنی کانال,text_cr_260825_040046_ddf1bddc_v1,,,https://www.robinsood.com/account/userlogin,https://www.robinsood.com/account/userlogin?utm_source=telegram&utm_medium=robinsood_channel&utm_campaign=other_challenges_challenges_cost_ever_1405&utm_content=text_cr_260825_040046_ddf1bddc_v1,Telegram channel,2026-08-25,مسئول مارکتینگ,marketing,2026-08-25T04:29:01.059Z,active,
UTM-260825-041822-C649E3F3,CMP-260825-040435-CA37AC31,پیام‌های متنی روزانه,other_challenges_challenges_cost_ever_1405,robinsood_channel,robinsood_channel,robinsood_channel,robinsood_channel,CR-260825-040046-DDF1BDDC,پیام متنی کانال,text_cr_260825_040046_ddf1bddc_v1,,,https://pegah.robinsood.com/,https://pegah.robinsood.com/?utm_source=robinsood_channel&utm_medium=robinsood_channel&utm_campaign=other_challenges_challenges_cost_ever_1405&utm_content=text_cr_260825_040046_ddf1bddc_v1,Telegram channel,2026-08-25,مسئول مارکتینگ,marketing,2026-08-25T04:18:22.597Z,active,
UTM-260825-040749-6A267E6A,CMP-260825-040435-CA37AC31,پیام‌های متنی روزانه,other_challenges_challenges_cost_ever_1405,robinsood_channel,robinsood_channel,robinsood_channel,robinsood_channel,CR-260825-040046-DDF1BDDC,پیام متنی کانال,text_cr_260825_040046_ddf1bddc_v1,,,https://www.robinsood.com/#Tariff,https://www.robinsood.com/?utm_source=robinsood_channel&utm_medium=robinsood_channel&utm_campaign=other_challenges_challenges_cost_ever_1405&utm_content=text_cr_260825_040046_ddf1bddc_v1#Tariff,Telegram channel,2026-08-25,مسئول مارکتینگ,marketing,2026-08-25T04:07:49.043Z,active,
UTM-260819-073455-97FF51FF,CMP-260819-073228-B8679789,کمپین شهریور ماه 1405,pro_jazb_shahrivar_1405,Telegram,telegram,Referral,referral,CR-260819-073428-9CBC6708,بنر 100 میلیون جایزه رایگان,banner_cr_260819_073428_9cbc6708_v1,,,https://www.robinsood.com/Challenges,https://www.robinsood.com/Challenges?utm_source=telegram&utm_medium=referral&utm_campaign=pro_jazb_shahrivar_1405&utm_content=banner_cr_260819_073428_9cbc6708_v1,,2026-08-19,مدیر اصلی,owner,2026-08-19T07:34:55.231Z,deleted,
